tag_id,kwd_id,tag,keyword
1,74,Installation climatisation,Installation climatisation
1,75,Installation climatisation,Climatisation
1,76,Installation climatisation,dépannage climatisation
1,77,Installation climatisation,entreprise climatisation
1,78,Installation climatisation,climatisation appartement
1,79,Installation climatisation,entretien climatisation
1,80,Installation climatisation,réparation climatisation
1,81,Installation climatisation,société climatisation
1,82,Installation climatisation,entreprise froid et climatisation
1,83,Installation climatisation,climatisation maison
1,84,Installation climatisation,climatiseur mural
1,85,Installation climatisation,climatisation gainable
1,86,Installation climatisation,climatiseur split
1,87,Installation climatisation,climatisation murale
1,88,Installation climatisation,climatiseur appartement
1,89,Installation climatisation,installation climatiseur
1,90,Installation climatisation,climatiseur maison
1,91,Installation climatisation,split climatisation
1,92,Installation climatisation,installation climatisation maison
1,93,Installation climatisation,installer une climatisation
1,94,Installation climatisation,installation climatisation appartement
1,95,Installation climatisation,pose climatisation
1,96,Installation climatisation,climatiseur gainable
1,97,Installation climatisation,climatiseur multi split
1,98,Installation climatisation,maintenance climatisation
20,27,Plombier,Plombier
20,28,Plombier,Débouchage canalisation
20,29,Plombier,Dégorgement
20,30,Plombier,Plombier urgence
20,31,Plombier,plombier chauffagiste
20,32,Plombier,urgence plombier
20,33,Plombier,sos plombier
20,34,Plombier,artisan plombier
20,35,Plombier,dépannage chaudière
20,36,Plombier,entreprise plomberie
20,37,Plombier,entreprise de plomberie
20,38,Plombier,dépannage chauffe eau
20,39,Plombier,plombier
20,40,Plombier,chauffage
20,41,Plombier,déboucher wc
20,42,Plombier,dépannage plomberie
20,43,Plombier,plomberie sanitaire
20,44,Plombier,plombier fosses
20,45,Plombier,wc bouché
20,46,Plombier,travaux plomberie
204,99,Organisation de mariage,Organisation de mariage
204,100,Organisation de mariage,Wedding planner
204,101,Organisation de mariage,wedding planner
204,102,Organisation de mariage,organisateur de mariage
204,103,Organisation de mariage,planificateur de mariage
204,104,Organisation de mariage,organisation de mariage
204,105,Organisation de mariage,planning de mariage
204,106,Organisation de mariage,agence de mariage
204,107,Organisation de mariage,mariage clé en main
204,108,Organisation de mariage,agence de wedding planner
204,109,Organisation de mariage,planning d'organisation de mariage
204,110,Organisation de mariage,organisation de cérémonie laique
204,111,Organisation de mariage,planning de mariage le jour j
204,112,Organisation de mariage,planification de mariage
204,113,Organisation de mariage,agence d'organisation de mariage
204,114,Organisation de mariage,organisation de mariage de a à z
204,115,Organisation de mariage,planning du jour j de mariage
204,116,Organisation de mariage,préparatrice de mariage
204,117,Organisation de mariage,wedding planner de luxe
204,118,Organisation de mariage,planning de mariage détaillé
204,119,Organisation de mariage,organisation de mariage par une agence
204,120,Organisation de mariage,planning de journée de mariage
204,121,Organisation de mariage,organisation de mariage oriental
246,201,Traiteur,Traiteur
246,202,Traiteur,Traiteur et buffet
246,203,Traiteur,Traiteur haut gamme et chef domicile
246,204,Traiteur,traiteur haut gamme
246,205,Traiteur,chef domicile
246,206,Traiteur,traiteur
246,207,Traiteur,cocktail dinatoire
246,208,Traiteur,traiteur a domicile
246,209,Traiteur,traiteur anniversaire
246,210,Traiteur,traiteur entreprise
246,211,Traiteur,restaurant haut gamme
246,212,Traiteur,traiteur domicile
246,213,Traiteur,service traiteur
246,214,Traiteur,buffet traiteur
246,215,Traiteur,traiteur gastronomique
246,216,Traiteur,charcutier traiteur
246,217,Traiteur,traiteur buffet
246,218,Traiteur,traiteur cocktail dinatoire
246,219,Traiteur,traiteur healthy
246,220,Traiteur,livraison traiteur
246,221,Traiteur,traiteur patisserie
246,222,Traiteur,traiteur livraison domicile
246,223,Traiteur,cuisine haut gamme
246,224,Traiteur,traiteur evenement
246,225,Traiteur,traiteur original
246,226,Traiteur,traiteur reception
246,227,Traiteur,traiteur prestige
309,47,"Blanchiment, peinture, ou décorations murales ","Blanchiment, peinture, ou décorations murales "
309,48,"Blanchiment, peinture, ou décorations murales ",Peinture
309,49,"Blanchiment, peinture, ou décorations murales ",Artisan peintre et Peintre en batiment
309,50,"Blanchiment, peinture, ou décorations murales ",Artisan peintre
309,51,"Blanchiment, peinture, ou décorations murales ",Peintre en bâtiment
309,52,"Blanchiment, peinture, ou décorations murales ",Peintre bâtiment
309,53,"Blanchiment, peinture, ou décorations murales ",peintre décorateur
309,54,"Blanchiment, peinture, ou décorations murales ",peintre en bâtiment
309,55,"Blanchiment, peinture, ou décorations murales ",entreprise peintre en bâtiment
309,56,"Blanchiment, peinture, ou décorations murales ",entreprise peinture en bâtiment
309,57,"Blanchiment, peinture, ou décorations murales ",peintre professionnel
309,58,"Blanchiment, peinture, ou décorations murales ",entreprise peinture interieur
309,59,"Blanchiment, peinture, ou décorations murales ",entrepreneur peintre
309,60,"Blanchiment, peinture, ou décorations murales ",entrepreneur peintre en bâtiment
309,61,"Blanchiment, peinture, ou décorations murales ",peintre artisan
309,62,"Blanchiment, peinture, ou décorations murales ",artisan peintre bâtiment
309,63,"Blanchiment, peinture, ou décorations murales ",entrepreneur en peinture
309,64,"Blanchiment, peinture, ou décorations murales ",société peinture bâtiment
309,65,"Blanchiment, peinture, ou décorations murales ",artisan peintre interieur
309,66,"Blanchiment, peinture, ou décorations murales ",peintre residentiel
309,67,"Blanchiment, peinture, ou décorations murales ",artisan peintre en bâtiment
309,68,"Blanchiment, peinture, ou décorations murales ",peintre en bâtiment entreprise
309,69,"Blanchiment, peinture, ou décorations murales ",peintre dans le bâtiment
309,70,"Blanchiment, peinture, ou décorations murales ",société peintre en bâtiment
309,71,"Blanchiment, peinture, ou décorations murales ",société peinture en bâtiment
309,72,"Blanchiment, peinture, ou décorations murales ",peintre décorateur interieur
309,73,"Blanchiment, peinture, ou décorations murales ",peintre en bâtiment interieur
312,174,"Soutien scolaire lycée, matières scientifiques et math","Soutien scolaire lycée, matières scientifiques et math"
312,175,"Soutien scolaire lycée, matières scientifiques et math",Cours - lycée - matières scientifiques / maths
312,176,"Soutien scolaire lycée, matières scientifiques et math",Cours particuliers de maths
312,177,"Soutien scolaire lycée, matières scientifiques et math",Cours maths
312,178,"Soutien scolaire lycée, matières scientifiques et math",Cours particuliers maths
312,179,"Soutien scolaire lycée, matières scientifiques et math",professeur maths
312,180,"Soutien scolaire lycée, matières scientifiques et math",professeur math
312,181,"Soutien scolaire lycée, matières scientifiques et math",cours mathématiques
312,182,"Soutien scolaire lycée, matières scientifiques et math",professeur maths particulier
312,183,"Soutien scolaire lycée, matières scientifiques et math",cours particuliers mathématiques
312,184,"Soutien scolaire lycée, matières scientifiques et math",exercice math
312,185,"Soutien scolaire lycée, matières scientifiques et math",les mathématiques
312,186,"Soutien scolaire lycée, matières scientifiques et math",exercice math 3eme
312,187,"Soutien scolaire lycée, matières scientifiques et math",cours maths seconde
312,188,"Soutien scolaire lycée, matières scientifiques et math",cours maths 3eme
312,189,"Soutien scolaire lycée, matières scientifiques et math",exercice mathématique
312,190,"Soutien scolaire lycée, matières scientifiques et math",math exercice
312,191,"Soutien scolaire lycée, matières scientifiques et math",professeur mathématiques
312,192,"Soutien scolaire lycée, matières scientifiques et math",mathématique exercices
312,193,"Soutien scolaire lycée, matières scientifiques et math",apprendre les maths
312,194,"Soutien scolaire lycée, matières scientifiques et math",comprendre les maths
312,195,"Soutien scolaire lycée, matières scientifiques et math",cours mathématique
312,196,"Soutien scolaire lycée, matières scientifiques et math",professeur particulier math
312,197,"Soutien scolaire lycée, matières scientifiques et math",cours maths 1ere s
312,198,"Soutien scolaire lycée, matières scientifiques et math",apprendre les mathématiques
312,199,"Soutien scolaire lycée, matières scientifiques et math",cours math particulier
312,200,"Soutien scolaire lycée, matières scientifiques et math",leçon math
448,122,Coach de développement personnel,Coach de développement personnel
448,123,Coach de développement personnel,Coach en développement personnel
448,124,Coach de développement personnel,Coach vie
448,125,Coach de développement personnel,Coach personnel
448,126,Coach de développement personnel,Coach développement personnel
448,127,Coach de développement personnel,coach développement personnel
448,128,Coach de développement personnel,coach confiance en soi
448,129,Coach de développement personnel,coach privé
448,130,Coach de développement personnel,coach en développement personnel
448,131,Coach de développement personnel,coach bien-être
448,132,Coach de développement personnel,coach mental
448,133,Coach de développement personnel,coaching personnalisé
448,134,Coach de développement personnel,coach particulier
448,135,Coach de développement personnel,coaching privé
448,136,Coach de développement personnel,coach en développement personnel et professionnel
448,137,Coach de développement personnel,coaching et développement personnel
448,138,Coach de développement personnel,le coaching personnel
448,139,Coach de développement personnel,coach comportemental
448,140,Coach de développement personnel,confiance en soi coaching
448,141,Coach de développement personnel,coach en confiance en soi
448,142,Coach de développement personnel,coach personnel confiance en soi
448,143,Coach de développement personnel,coach vie personnelle
448,144,Coach de développement personnel,coach personnalité
448,145,Coach de développement personnel,développement personnel et coaching
448,146,Coach de développement personnel,coach vie professionnelle
448,147,Coach de développement personnel,métier coach en développement personnel
448,148,Coach de développement personnel,coach pour reprendre confiance en soi
451,149,Psychologue,Psychologue
451,150,Psychologue,psychologue
451,151,Psychologue,psychologie
451,152,Psychologue,psychologue couple
451,153,Psychologue,psychologue tcc
451,154,Psychologue,psychologue enfant
451,155,Psychologue,psychologue clinicien
451,156,Psychologue,psychologue travail
451,157,Psychologue,psychologue comportementaliste
451,158,Psychologue,psychologue emdr
451,159,Psychologue,psychologue pour enfant
451,160,Psychologue,cabinet psychologue
451,161,Psychologue,cabinet psychologie
451,162,Psychologue,psychologue conventionné
451,163,Psychologue,psychologue scolaire
451,164,Psychologue,aide psychologique
451,165,Psychologue,psychologue arabe
451,166,Psychologue,psychologie cognitive
451,167,Psychologue,psychologie sociale
451,168,Psychologue,psychologie clinique
451,169,Psychologue,psychologue clinicienne
451,170,Psychologue,la psychologie
451,171,Psychologue,bilan psychologique
451,172,Psychologue,consultation psychologue
451,173,Psychologue,psychologue enfants
594,1,Nutritioniste,Nutritioniste
594,2,Nutritioniste,Régime
594,3,Nutritioniste,Aromathérapie
594,4,Nutritioniste,medecin naturopathe
594,5,Nutritioniste,phytothérapie
594,6,Nutritioniste,gynécologue naturopathe
594,7,Nutritioniste,médecin généraliste naturopathe
594,8,Nutritioniste,dermatologue naturopathe
594,9,Nutritioniste,docteur naturopathe
594,10,Nutritioniste,nutritionniste naturopathe
594,11,Nutritioniste,naturopathe iridologue
594,12,Nutritioniste,naturopathe
594,13,Nutritioniste,naturopate
594,14,Nutritioniste,homéopathe uniciste
594,15,Nutritioniste,regime menopause
594,16,Nutritioniste,programme alimentaire perte de poids
594,17,Nutritioniste,naturothérapie
594,18,Nutritioniste,medecine naturelle
594,19,Nutritioniste,regime amaigrissant
594,20,Nutritioniste,association alimentaire
594,21,Nutritioniste,la naturopathie
594,22,Nutritioniste,medecin phytothérapeute
594,23,Nutritioniste,naturopathie alimentation
594,24,Nutritioniste,combinaison alimentaire
594,25,Nutritioniste,santenaturopathie
594,26,Nutritioniste,diététicienne naturopathe
717,228,Déménagement de bureaux,Déménagement de bureaux
717,229,Déménagement de bureaux,Société de déménagement et entreprise déménagement
717,230,Déménagement de bureaux,société déménagement
717,231,Déménagement de bureaux,entreprise déménagement
717,232,Déménagement de bureaux,service déménagement
717,233,Déménagement de bureaux,aide déménagement
717,234,Déménagement de bureaux,déménagement particulier
717,235,Déménagement de bureaux,déménagement entreprise
717,236,Déménagement de bureaux,déménageur
717,237,Déménagement de bureaux,aide au déménagement
717,238,Déménagement de bureaux,artisan déménageur
717,239,Déménagement de bureaux,transporteur déménagement
717,240,Déménagement de bureaux,entreprise déménagement international
717,241,Déménagement de bureaux,aide pour déménagement
717,242,Déménagement de bureaux,déménagement bureau
717,243,Déménagement de bureaux,société déménagement international
717,244,Déménagement de bureaux,déménagement professionnel
717,245,Déménagement de bureaux,déménagement longue distance
717,246,Déménagement de bureaux,déménagement industriel
717,247,Déménagement de bureaux,déménagement société
717,248,Déménagement de bureaux,agence déménagement
717,249,Déménagement de bureaux,déménagement maison
717,250,Déménagement de bureaux,compagnie déménagement
717,251,Déménagement de bureaux,déménagement meuble
717,252,Déménagement de bureaux,déménagement national